{"devnum":1,"release_dt":"2008-10-21 00:00:00.0","make":"Sorrento","model":"F00L","dev_type":"phone"}
{"devnum":2,"release_dt":"2010-04-19 00:00:00.0","make":"Titanic","model":"2100","dev_type":"phone"}
{"devnum":3,"release_dt":"2011-02-18 00:00:00.0","make":"MeeToo","model":"3.0","dev_type":"phone"}
{"devnum":4,"release_dt":"2011-09-21 00:00:00.0","make":"MeeToo","model":"3.1","dev_type":"phone"}
{"devnum":5,"release_dt":"2008-10-21 00:00:00.0","make":"iFruit","model":"1","dev_type":"phone"}
{"devnum":6,"release_dt":"2011-11-02 00:00:00.0","make":"iFruit","model":"3","dev_type":"phone"}
{"devnum":7,"release_dt":"2010-05-20 00:00:00.0","make":"iFruit","model":"2","dev_type":"phone"}
{"devnum":8,"release_dt":"2013-07-02 00:00:00.0","make":"iFruit","model":"5","dev_type":"phone"}
{"devnum":9,"release_dt":"2008-10-21 00:00:00.0","make":"Titanic","model":"1000","dev_type":"phone"}
{"devnum":10,"release_dt":"2008-10-21 00:00:00.0","make":"MeeToo","model":"1.0","dev_type":"phone"}
{"devnum":11,"release_dt":"2011-02-28 00:00:00.0","make":"Sorrento","model":"F21L","dev_type":"phone"}
{"devnum":12,"release_dt":"2012-10-25 00:00:00.0","make":"iFruit","model":"4","dev_type":"phone"}
{"devnum":13,"release_dt":"2011-11-21 00:00:00.0","make":"Sorrento","model":"F23L","dev_type":"phone"}
{"devnum":14,"release_dt":"2010-05-25 00:00:00.0","make":"Titanic","model":"2200","dev_type":"phone"}
{"devnum":15,"release_dt":"2010-06-20 00:00:00.0","make":"Ronin","model":"Novelty Note 1","dev_type":"phone"}
{"devnum":16,"release_dt":"2012-07-21 00:00:00.0","make":"Titanic","model":"2500","dev_type":"phone"}
{"devnum":17,"release_dt":"2013-04-11 00:00:00.0","make":"Ronin","model":"Novelty Note 3","dev_type":"phone"}
{"devnum":18,"release_dt":"2011-10-02 00:00:00.0","make":"Ronin","model":"Novelty Note 2","dev_type":"phone"}
{"devnum":19,"release_dt":"2013-07-02 00:00:00.0","make":"Ronin","model":"Novelty Note 4","dev_type":"phone"}
{"devnum":20,"release_dt":"2012-07-21 00:00:00.0","make":"iFruit","model":"3A","dev_type":"phone"}
{"devnum":21,"release_dt":"2011-02-18 00:00:00.0","make":"Titanic","model":"2300","dev_type":"phone"}
{"devnum":22,"release_dt":"2012-03-12 00:00:00.0","make":"Sorrento","model":"F24L","dev_type":"phone"}
{"devnum":23,"release_dt":"2010-11-01 00:00:00.0","make":"Sorrento","model":"F20L","dev_type":"phone"}
{"devnum":24,"release_dt":"2012-10-21 00:00:00.0","make":"Sorrento","model":"F32L","dev_type":"phone"}
{"devnum":25,"release_dt":"2011-10-01 00:00:00.0","make":"Sorrento","model":"F22L","dev_type":"phone"}
{"devnum":26,"release_dt":"2012-06-21 00:00:00.0","make":"Sorrento","model":"F30L","dev_type":"phone"}
{"devnum":27,"release_dt":"2009-10-25 00:00:00.0","make":"Sorrento","model":"F10L","dev_type":"phone"}
{"devnum":28,"release_dt":"2012-09-21 00:00:00.0","make":"Titanic","model":"4000","dev_type":"phone"}
{"devnum":29,"release_dt":"2013-11-01 00:00:00.0","make":"Sorrento","model":"F41L","dev_type":"phone"}
{"devnum":30,"release_dt":"2013-08-01 00:00:00.0","make":"Titanic","model":"DeckChairs","dev_type":"phone"}
{"devnum":31,"release_dt":"2012-08-04 00:00:00.0","make":"MeeToo","model":"4.1","dev_type":"phone"}
{"devnum":32,"release_dt":"2012-07-21 00:00:00.0","make":"MeeToo","model":"4.0","dev_type":"phone"}
{"devnum":33,"release_dt":"2010-05-15 00:00:00.0","make":"MeeToo","model":"2.0","dev_type":"phone"}
{"devnum":34,"release_dt":"2009-12-21 00:00:00.0","make":"Titanic","model":"2000","dev_type":"phone"}
{"devnum":35,"release_dt":"2012-09-21 00:00:00.0","make":"MeeToo","model":"5.0","dev_type":"phone"}
{"devnum":36,"release_dt":"2013-08-01 00:00:00.0","make":"MeeToo","model":"5.1","dev_type":"phone"}
{"devnum":37,"release_dt":"2012-08-04 00:00:00.0","make":"Titanic","model":"3000","dev_type":"phone"}
{"devnum":38,"release_dt":"2008-11-25 00:00:00.0","make":"Titanic","model":"1100","dev_type":"phone"}
{"devnum":39,"release_dt":"2013-03-11 00:00:00.0","make":"Sorrento","model":"F33L","dev_type":"phone"}
{"devnum":40,"release_dt":"2013-02-11 00:00:00.0","make":"iFruit","model":"4A","dev_type":"phone"}
{"devnum":41,"release_dt":"2012-07-04 00:00:00.0","make":"Sorrento","model":"F31L","dev_type":"phone"}
{"devnum":42,"release_dt":"2013-06-26 00:00:00.0","make":"Sorrento","model":"F40L","dev_type":"phone"}
{"devnum":43,"release_dt":"2009-03-11 00:00:00.0","make":"Sorrento","model":"F01L","dev_type":"phone"}
{"devnum":44,"release_dt":"2010-04-10 00:00:00.0","make":"Sorrento","model":"F11L","dev_type":"phone"}
{"devnum":45,"release_dt":"2011-09-21 00:00:00.0","make":"Titanic","model":"2400","dev_type":"phone"}
{"devnum":46,"release_dt":"2013-10-02 00:00:00.0","make":"Ronin","model":"S4","dev_type":"phone"}
{"devnum":47,"release_dt":"2010-05-20 00:00:00.0","make":"Ronin","model":"S1","dev_type":"phone"}
{"devnum":48,"release_dt":"2013-02-11 00:00:00.0","make":"Ronin","model":"S3","dev_type":"phone"}
{"devnum":49,"release_dt":"2012-07-21 00:00:00.0","make":"Ronin","model":"S2","dev_type":"phone"}
{"devnum":50,"release_dt":"2013-10-02 00:00:00.0","make":"iFruit","model":"5A","dev_type":"phone"}